[
    {
        "merchlink": "https://www.roblox.com/catalog/14876206131/Messed-DPOF-Tophat",
        "merchimage": "https://tr.rbxcdn.com/04401cde2c4e6d2bd0c5bfeb97b038ba/150/150/Hat/Webp",
        "merchname": "Messed DPOF Tophat",
        "robuxprice": "85"
    },
    {
        "merchlink": "https://www.roblox.com/catalog/14106410636/Roblox-News-Shirt",
        "merchimage": "https://tr.rbxcdn.com/97456433ba0b5b828dea295e5953482d/150/150/Shirt/Webp",
        "merchname": "Roblox News Shirt",
        "robuxprice": "8"
    },
    {
        "merchlink": "https://www.roblox.com/catalog/12074451447/Deck-Clan-Shirt",
        "merchimage": "https://tr.rbxcdn.com/4f872b67c0160bd7dcf55a90f8026d74/150/150/Shirt/Webp",
        "merchname": "Deck Clan Shirt",
        "robuxprice": "5"
    },
    {
        "merchlink": "https://www.roblox.com/catalog/12046290989/Deck-Clan-Pants",
        "merchimage": "https://tr.rbxcdn.com/17b4a0daf25f21202c0881e7c21ac1e5/150/150/Pants/Webp",
        "merchname": "Deck Clan Pants",
        "robuxprice": "10"
    }
]