[
    {
        "GroupImage": "https://tr.rbxcdn.com/412793c32ce1c941f11cd7851d9a7b05/150/150/Image/Webp",
        "GroupName": "Declan's Planet of Fun Group!",
        "GroupCreator": "Declan",
        "CreatorLink": "https://www.roblox.com/users/2389197908/profile",
        "JoinButton": "Join",
        "ButtonLink": "https://www.roblox.com/groups/14187394/Declans-Planet-of-Fun-Group#!/about"
    },
    {
        "GroupImage": "https://tr.rbxcdn.com/72487790f24a45d94ea78b67748830ee/150/150/Image/Webp",
        "GroupName": "Declan Games Collabs",
        "GroupCreator": "Declan",
        "CreatorLink": "https://www.roblox.com/users/2389197908/profile",
        "JoinButton": "Join",
        "ButtonLink": "https://www.roblox.com/groups/16274755/Declan-Games-Collabs"
    },
    {
        "GroupImage": "https://tr.rbxcdn.com/72487790f24a45d94ea78b67748830ee/150/150/Image/Webp",
        "GroupName": "Declan Games OFFICIAL",
        "GroupCreator": "Declan",
        "CreatorLink": "https://www.roblox.com/users/2389197908/profile",
        "JoinButton": "Join",
        "ButtonLink": "https://www.roblox.com/groups/15160156/Declan-Games-OFFICAL#!/about"
    }
]