[
    {
        "gameID": "https://www.roblox.com/games/13514541367/CRASH-ROBLOX",
        "gameImg": "https://tr.rbxcdn.com/b7f318d5509f83252da2fc428673f0e8/150/150/Image/Webp",
        "gametitle": "CRASH ROBLOX",
        "gameLike": "100%",
        "CCU": "0"
    },
    {
        "gameID": "https://www.roblox.com/games/10913064389/The-Giveaway-insaneness",
        "gameImg": "https://t6.rbxcdn.com/dbbb966b246fafc83a1f4fc25355c5f6",
        "gametitle": "The Giveaway insaneness",
        "gameLike": "__",
        "CCU": "0"
    },
    {
        "gameID": "https://www.roblox.com/games/10310546591/Captain-Royale",
        "gameImg": "https://tr.rbxcdn.com/85b4854bcbcb2b8e79d8124ead8f4077/150/150/Image/Webp",
        "gametitle": "Captian Royale",
        "gameLike": "100%",
        "CCU": "0"
    },
    {
        "gameID": "https://www.roblox.com/games/12966844191/The-Impossible",
        "gameImg": "https://tr.rbxcdn.com/ef3d1d00749db26ff67c6b277fe7bdee/150/150/Image/Webp",
        "gametitle": "The Impossible",
        "gameLike": "__",
        "CCU": "0"
    }
]