[
    {
        "YTlink": "https://www.youtube.com/watch?v=yvCxBEYP7Yc",
        "YTImage": "https://i.ytimg.com/vi/yvCxBEYP7Yc/hqdefault.jpg?sqp=-oaymwEcCNACELwBSFXyq4qpAw4IARUAAIhCGAFwAcABBg==&rs=AOn4CLBaOULQ4VZdmRVfIk0onCVb5cIQGg",
        "YTName": "Packing my Xbox Series S for Mexico",
        "Description": "why not game on vacation"
    },
    {
        "YTlink": "https://www.youtube.com/watch?v=RdmWWtky5t4",
        "YTImage": "https://i.ytimg.com/vi/RdmWWtky5t4/hqdefault.jpg?sqp=-oaymwEcCNACELwBSFXyq4qpAw4IARUAAIhCGAFwAcABBg==&rs=AOn4CLDbCPXNzUU7O-ADXaToN8UNpz-4Mg",
        "YTName": "Game Theory: The KORBLOX DEATHWALKER is _____",
        "Description": "Game theory parady"
    },
    {
        "YTlink": "https://www.youtube.com/watch?v=Z3ZQyRDKy_k",
        "YTImage": "https://i.ytimg.com/vi/Z3ZQyRDKy_k/hqdefault.jpg?sqp=-oaymwEcCNACELwBSFXyq4qpAw4IARUAAIhCGAFwAcABBg==&rs=AOn4CLC7JlYjMO4gUPNxH-6yaZ2umHowlA",
        "YTName": "Roblox HUNT information..",
        "Description": "More information about the hunt"
    },
    {
        "YTlink": "https://www.youtube.com/watch?v=oFyTIymdsGo",
        "YTImage": "https://i.ytimg.com/vi/oFyTIymdsGo/hqdefault.jpg?sqp=-oaymwE2CNACELwBSFXyq4qpAygIARUAAIhCGAFwAcABBvABAfgB_gmAAtAFigIMCAAQARgnIGUoMTAP&rs=AOn4CLAu43V3f05Q0Cf7bFPPD-F-F8S5OQ",
        "YTName": "BIG NEWS",
        "Description": "Big News for today.."
    }
]